,ids,name,rank,totalChampScores
0,446965,Ablazeolive,challenger,434
1,20598223,Baekk,challenger,194
2,35592112,stuntopolis,challenger,294
3,61727429,Teamfighting,challenger,77
4,50877721,Doubtfull,challenger,395
5,86459717,nihonjin,challenger,283
6,7250,Apollo Price,challenger,257
7,19587365,Tony Top,challenger,87
8,36400685,Faze Palafox,challenger,432
9,22192687,Gweíss,challenger,345
10,84389222,Meta,challenger,96
11,37931849,CC Dean,challenger,223
12,71749871,Brother Dyrus,challenger,327
13,37827053,KiNG Nidhogg,challenger,271
14,89881848,Duo Abuse,challenger,42
15,21366420,Gaow Gaiy,challenger,336
16,54805628,OMG CIoud,challenger,72
17,59553623,FoTheWin,challenger,168
18,21295651,Papìllon,challenger,102
19,60805480,bobqinX,challenger,121
20,20142680,freelancer,challenger,350
21,68603405,Keegun,challenger,95
22,24777351,FaZe Trance,challenger,288
23,22141445,SandPaperX,challenger,244
24,33679978,Dylaran,challenger,233
25,21903966,Pekin Woof,challenger,343
26,581716,dawolfsclaw,challenger,228
27,56539172,LL Stylish,challenger,167
28,38911162,FaZe Shoryu,challenger,382
29,42762376,AltecJohnny,challenger,241
30,24220969,LucLogic,challenger,123
31,22014010,Manifest,challenger,172
32,32392626,Dhokla,challenger,324
33,39630512,davidroo,challenger,300
34,20636732,Morïarty,challenger,172
35,25214214,Fragas,challenger,201
36,26114733,Chimonaa1,challenger,507
37,20833616,Chapanya,challenger,270
38,28712666,humans can fly,challenger,142
39,23350752,Zeyzal,challenger,386
40,48407989,MLGB Błade,challenger,73
41,62250480,KeegunS,challenger,32
42,24154639,yeedam,challenger,308
43,67105577,Lyo,challenger,358
44,21202019,5fire,challenger,428
45,30936371,Jayms,challenger,309
46,58870068,PunOko,challenger,220
47,51680686,RobbyBob,challenger,389
48,40131405,LittleFrosty,challenger,284
49,19839806,blaberfish2,challenger,311
50,35570736,FaZe Càm,challenger,418
51,27796007,bobqin1,challenger,98
52,88399275,KT Khan,challenger,89
53,56901374,YIlIlIlIlI,challenger,287
54,44841787,MooseHater,challenger,373
55,23245665,Scrandor,challenger,334
56,69113290,Ahigholive,challenger,110
57,30266347,Piggy Kitten,challenger,353
58,68401488,5tunt,challenger,320
59,77599094,DQWjdqwdqwx,challenger,142
60,24671130,Allorim,challenger,299
61,32544079,tummysalami,challenger,323
62,21701239,bobqinXD,challenger,222
63,22403576,Pants are Dragon,challenger,446
64,22670229,Shout,challenger,248
65,22180208,Chasing Summer,challenger,320
66,21276764,Vulcan1,challenger,402
67,65279879,UUmeiDe55Kai,challenger,393
68,31423432,salt on bench,challenger,301
69,19864171,FaZe KatEvolved,challenger,102
70,86869085,import top,challenger,110
71,75099245,LHHS,challenger,124
72,20130821,Wiggily,challenger,297
73,40036262,MLGB BIade,challenger,143
74,19920510, Sudzzi,challenger,480
75,39040566,Líquid Matt,challenger,314
76,34925733,Jue VioIe Grace,challenger,304
77,292926,Super Metroid,challenger,109
78,28982480,MlST LFT,challenger,449
79,20793637,Phaxen,challenger,545
80,37832463,Eitori,challenger,305
81,23032750,Ashˉ,challenger,116
82,19770082,Cris,challenger,325
83,77539883,salsasister17,challenger,175
84,23887566,CookiesforSanta,challenger,570
85,73759385,Midnight Train,challenger,213
86,87912976,whitelotus5,challenger,103
87,23479635,NoahMost,challenger,474
88,30045762,Leagué,challenger,338
89,28663867,Erry,challenger,217
90,2648,Pobelter,challenger,337
91,38375098,Jurãssiq,challenger,131
92,70359148,Warum denkst du,challenger,196
93,20403437,Im Fuming,challenger,134
94,20315488,Johnsun,challenger,450
95,50169258,i need some suga,challenger,155
96,72411076,mvsh,challenger,223
97,83552233,MLGB Clown,challenger,87
98,47836799,TRI POLOSKI,challenger,289
99,170340,OneseIf,challenger,273
100,21124626,Rikara,challenger,463
101,22654107,self awakening,challenger,569
102,29533033,Lebron Jamés ,challenger,354
103,19967304,Shiphtur,challenger,312
104,25850956,Nightblue3,challenger,355
105,20918669,elise player,challenger,169
106,79681807,CHIEF KEITH,challenger,161
107,22058902,Flaresz,challenger,282
108,78739091,way life goes,challenger,77
109,20112175,Rohammers,challenger,316
110,21794465,chowdong,challenger,192
111,21490433,goldenglue,challenger,362
112,51405,C9 Sneaky,challenger,224
113,75900909,UKP Ñeøø,challenger,293
114,87749107,Rallemus,challenger,121
115,24017482,Isaac Marconis,challenger,172
116,68469257,Flareszt,challenger,295
117,20202108,CLA Tuesday,challenger,164
118,34022147,Tuesdayy,challenger,342
119,30366254,Acoldblazeolive,challenger,186
120,579475,dawolfsfang,challenger,230
121,36111109,Julien,challenger,293
122,23552941,deftIy,challenger,231
123,38275818,jeffrey0529,challenger,209
124,83640709,MikeYeunglol,challenger,78
125,80301228,Spica 16,challenger,133
126,51589239,Pretty Raheem,challenger,205
127,34983603,Licorice,challenger,445
128,70132282,XueGao,challenger,259
129,39987054,CloudNguyén,challenger,216
130,68301925,Liquid Matt,challenger,249
131,32178528,Weeknd,challenger,451
132,20359372,ybooks,challenger,236
133,48637590,fulano,challenger,168
134,21542029,Grig1,challenger,275
135,40984753,GangstahSwerve,challenger,296
136,19787999,zignature,challenger,235
137,29799673,Tawnington,challenger,228
138,21498922,Linsaníty,challenger,398
139,66929247,FaZe Joey,challenger,250
140,41258646,5word,challenger,399
141,65709516,TFW SaoZi,challenger,435
142,74673,NintendudeX,challenger,372
143,76379684,joong ki song,challenger,132
144,19698094,FallenBandit,challenger,334
145,21944884,OmarGod,challenger,241
146,37512500,TakatsukiSen,challenger,248
147,34270960,Pyrites,challenger,148
148,19887289,Imaqtpie,challenger,220
149,77269277,Vïper,challenger,210
150,60329217,Saaantorin,challenger,222
151,72481333,The Real Notes,challenger,146
152,39957695,rovex,challenger,425
153,34287847,Liquid fabbbyyy,challenger,150
154,20962682,Kingslayer Sheep,challenger,244
155,19543076,fwii Tryn,challenger,75
156,83312491,MotionPlan598,challenger,47
157,19296564,fwii,challenger,275
158,20132258,Doublelift,challenger,198
159,24858283,Value,challenger,447
160,20962399,Teesum,challenger,326
161,20233217,Dragles,challenger,332
162,28423134,Línsanity,challenger,259
163,24345673,sun x,challenger,51
164,21014987,lron Pyrite,challenger,172
165,40661961,The Tank Man,challenger,292
166,20078731,Tmoney,challenger,338
167,22685289,loiˉ,challenger,412
168,19067259,HairySixPack,challenger,109
169,38880034,Soligo,challenger,321
170,65875,Peridot,challenger,474
171,89909122,lozt,challenger,58
172,21103810,Andybendy,challenger,335
173,36119978,Kazahana,challenger,483
174,77211704,Wintèr,challenger,245
175,32705024,Falcon God,challenger,275
176,40540196,Fanatiik,challenger,489
177,36733439,Irelia Carries U,challenger,92
178,32225785,Autolycus1,challenger,105
179,432695,Lethal Zedster,challenger,283
180,86912471,Nugeek,challenger,8
181,25166026,Ivan Pavlov,challenger,166
182,21623482,Event,challenger,360
183,20694079,Day after Day,challenger,452
184,43652327,Terina,challenger,370
185,66939106,Mirolla,challenger,166
186,87749127,TheYeungle,challenger,51
187,75871549,Ssita,challenger,263
188,86869244,i need smth fake,challenger,77
189,21106779,Coach is Beyond,challenger,338
190,81859385,MikeYeung,challenger,143
191,19062645,Hungry Like,challenger,147
192,19647481,Rathma,challenger,467
193,48700341,MLGB TailsJJ,challenger,409
194,88490180,Game1234,challenger,99
195,22139097,MLGB Top,challenger,86
196,52559520,Tony Top 2,challenger,333
197,37481045,Rift Raffin,challenger,714
198,22447403,PrismaI,challenger,518
199,21193669,Hakuho,challenger,282
0,24069119,Hate,master,308
1,79009982,Kuzu no Honka1,master,255
2,20411671,Heisendong,master,81
3,91439094,Fox Fen1X,master,67
4,28993829,xKace,master,379
5,19877155,cesuna,master,374
6,22991489,Tangularx,master,300
7,32680176,50ShadesOfKappa,master,281
8,91439089,fox dd,master,43
9,32723343,Budded,master,73
10,27794083,mmmmmmmmmmnm,master,490
11,23572131,Havsanaa,master,120
12,72905368,Heisendongg,master,92
13,26979102,Yao Míng,master,173
14,64825900,howdoyoudoo,master,141
15,51769879,Natsume Mio,master,428
16,59189004,Śhady,master,227
17,22190336,Zenoncas,master,153
18,24737954,Synotic,master,217
19,22470439,sunman,master,73
20,23487274,GochuHunter,master,383
21,37500815,Hide on bush QAQ,master,370
22,30812320,uW Goose Lyo,master,116
23,47676166,eBoyfriend,master,228
24,30359529,Broken Glasses,master,393
25,45126443,Mordio,master,190
26,25885129,Dinosaurus,master,484
27,21998704,Loopsers,master,424
28,58839133,Rhux,master,280
29,43079579,Lzc Is My Godnes,master,570
30,70029234,Frabjous,master,25
31,38045175,baka usagi,master,259
32,21161329,N0 Game N0 Life,master,316
33,77432783,Shynon1,master,140
34,30184991,Solcyc,master,437
35,42649489,rovex2,master,227
36,47587002,MrPhan,master,125
37,82950710,BoxeR KFC,master,47
38,50229422,Mercury,master,407
39,57539163,B E N J ì,master,272
40,56965518,FeedingNoob22,master,200
41,24598046,combine energies,master,310
42,30938784,Forest Within,master,19
43,22079495,J2Woo,master,174
44,30862648,Reprieve,master,113
45,55974612,KûŠh,master,227
46,55815684,Deweyyy,master,360
47,55361885,Ninja Shen,master,256
48,47189094,Aconda,master,282
49,76412589,Bánh Heroin,master,351
50,21398230,sleepyowl1,master,344
51,30448175,NoctNoct,master,364
52,19806051,Str1fe,master,344
53,21144092,Zergyy,master,584
54,44479374,Ariendel,master,127
55,72642691,JustinOtter,master,199
56,22015124,LF love,master,148
57,28661837,Albus NoX,master,414
58,21836856,xFSN Rin,master,185
59,26463128,urekaK,master,139
60,41817320,tujinet,master,405
61,42133105,Strompest,master,281
62,129380,undr ctrl,master,313
63,19852412,Melancholy0,master,131
64,40100452,Maulevolent,master,93
65,89201664,Lethal Zedliest,master,105
66,48991794,Jas,master,71
67,74620683,Draven VS Losers,master,266
68,29099688,Litemeup,master,348
69,34760805,Keloro,master,371
70,43406464,theFruitSeller,master,408
71,20485949,Working Hard,master,210
72,22549036,Superman Casting,master,257
73,78269679,FaZe dellz0r,master,116
74,74699211,Glory IX,master,185
75,34793793,xApple,master,384
76,27435122,OrainbowO,master,363
77,35798660,Plabatey,master,158
78,22156402,CraacK,master,316
79,68902191,Aharrybeast,master,301
80,32355,AquaBlue,master,329
81,47187221,Rìkin,master,113
82,21390175,Fas the Magi,master,438
83,51840465,Toraya,master,186
84,68119217,llIIlllIlllllIl,master,124
85,20947579,R7 Oddie,master,251
86,73759236,eLLi nOISE,master,168
87,23162732,LEE SlN BAYBEE,master,342
88,30401884,CritBloop,master,99
89,34753465,Ayukura,master,250
90,34737160,oHowDoIPlayLoL,master,180
91,19074236,nve,master,62
92,28640725,FrozenNight,master,373
93,20227573,BukZacH,master,305
94,32506961,COVER ME NOW,master,499
95,50043186,iPav,master,122
96,82769101,Invidiant,master,157
97,35494737,Jesus is Watchin,master,68
98,63399135,Fachizzle,master,469
99,34304824,Lobsterman,master,450
100,23769101,Wazabiee,master,331
101,83089306,Agonistic,master,321
102,24220139,Outplay,master,196
103,20272586,Swann,master,266
104,22478427,Biofrost ,master,272
105,20052253,Oasïs,master,338
106,27429926,Pãwz,master,301
107,20628095,Littlekoi,master,381
108,45122570,Archour,master,139
109,74089775,Season 3 Gragas,master,71
110,40822683,Alaan,master,288
111,63519910,Catalystt,master,283
112,21214027,Shawner,master,361
113,22523843,Enriqué,master,352
114,80119512,IMT triangle63,master,165
115,35703236,PieCakeLord,master,327
116,41885666,RTs Appreciated,master,301
117,28903785,YummiBananas,master,404
118,85269314,AltecAltec,master,106
119,43173587,Herson000,master,314
120,87759312,NeverHonor4Head,master,75
121,71899217,Anivia Kid,master,362
122,47969558,Codý,master,398
123,87551552,TF BÌade,master,50
124,57501237,MLGB Bengi,master,142
125,79969179,antibio,master,157
126,39264223,LittleFiery,master,136
127,25743455,BeachedWhaIe,master,249
128,54946621,a boosted doggo,master,122
129,47153986,Chomdax,master,403
130,20704242,TBD TheReborn,master,239
131,67790541,Vadimoni,master,114
132,19822981,MLGB Grae,master,189
133,20314992,Veggie,master,215
134,63668112,jkangˉ,master,173
135,44664326,sKILLSHOTz FIRED,master,545
136,20794181,vStarzzz,master,343
137,78732375,06 12 98,master,61
138,68739786,W Ulter White,master,84
139,20047271,Descraton,master,492
140,23079517,Ju Lee An,master,287
141,23066104,Pandaren,master,320
142,81199258,amae,master,297
143,23573965,Blademanzen,master,303
144,58421117,Shroudedd,master,133
145,34871017,Player Level MC ,master,231
146,26359709,Fidora,master,325
147,31320174,Vanagloria,master,129
148,28426754,frozen qualia,master,301
149,68752650,Wôn,master,379
150,45678930,Mãtty,master,496
151,20303983,jimmy hong,master,412
152,41275742,sdfozfp2423dsf,master,417
153,32158288,DispeI,master,390
154,40835255,Sedulity,master,252
155,85970967,way down under,master,105
156,21472039,Tower of God,master,430
157,43635965,quicny,master,361
158,49511626,Xânder,master,256
159,37532228,rhubarbs,master,410
160,47842921,HuangJintAo,master,233
161,53373482,An Nuo l,master,396
162,21910088,Zot,master,458
163,38804717,MagicConchShell,master,312
164,45191640,Dàt Boiiiiiiiii,master,354
165,50690164,FakeGod,master,249
166,76850866,HotKoreaBoo,master,147
167,20678849,I onIy Top,master,376
168,61533923,Nv Shen,master,276
169,65239176,Sejanus,master,242
170,30459756,Savage Corgi,master,336
171,29628502,mìss us,master,106
172,31507479,foggedftw2,master,116
173,30587285,Maulface,master,289
174,22298866,Sheep7,master,209
175,24255907,Roll in the Deep,master,28
176,20072604,Abou222,master,352
177,73139178,Klixx,master,103
178,71350797,FatMiku,master,315
179,21133544,Jeem,master,275
180,32556358,Gamer Girl,master,331
181,28915891,TehCores,master,254
182,48347853,Edge Of Zed,master,392
183,31273666,Puncho,master,332
184,79419813,k3soju,master,269
185,41216897,4k Games,master,279
186,65009177,FaZe Alex Ich,master,466
187,41777257,Iley,master,395
188,65160210,Pingyu,master,276
189,23694674,clowob,master,205
190,21947923,I Shadow I,master,534
191,19812679,Lava,master,333
192,28725693,Based Yoona,master,421
193,68149078,Korean G0D,master,160
194,43690919,P1atypus,master,424
195,26379781,Sonny2o9,master,306
196,43668432,Min Karin,master,205
197,31632622,S65465413,master,239
198,20044889,gentle lion,master,81
199,25285716,Haanii,master,342
200,35128174,Kong Wenge,master,226
201,27930063,Cpt Beloo,master,251
202,30085971,HIKASHIKUN,master,142
203,32016710,Noobkiller291,master,334
204,84929136,xin suan,master,106
205,34402943,merrjerry,master,524
206,41727487,Synexes,master,397
207,23765764,Kawaki,master,353
208,47651522,07scaping,master,234
209,22701102,EleJiggle,master,268
210,66591860,cromelb,master,196
211,19033054,CoinBoy,master,114
212,68649297,Anbu Madara ,master,492
213,20610274,sexycan,master,397
214,77212642,Aries Niloc,master,195
215,26410615,Cotosaurio,master,339
216,20056332,Lerky,master,282
217,24449515,pün,master,278
218,47813068,derbi,master,422
219,47943093,3in1warrior,master,356
220,34771983,Diivinity,master,445
221,30972130,Yamikaze,master,276
222,22742359,Magi1234,master,271
223,89229411,19980611,master,48
224,32653422,Win or Learn,master,155
225,21871322,Jeff Mangum,master,267
226,44633286,Vokster,master,227
227,27872104,InwProjectONE,master,362
228,21238911,Sickoscott,master,228
229,20152984,james blanchard,master,198
230,71376,Easley,master,406
231,52316360,godrjsdnd,master,371
232,70283154,Inórí,master,222
233,32593254,IceJunSlowly,master,512
234,35361116,ygpvhmeOjZk,master,85
235,24815394,Free Papa Chau,master,189
236,21351258,Somin,master,192
237,29360758,Ultimate Whyin,master,439
238,85269291,DeepIy,master,99
239,50928107,ROAD TO BRONZE 6,master,409
240,86901854,etfiwS,master,81
241,19139093,Redmercy,master,337
242,63329096,Gnawgrim,master,194
243,23994262,Dong Oppa,master,485
244,28961355,RAHÜLK,master,171
245,265174,Thien Chau1,master,305
246,26442361,Goldjet,master,270
247,24618834,The Clark,master,336
248,43484392,Bruised Ego,master,189
249,62630267,Fruit Vision,master,528
250,25848742,Teemò,master,308
251,60783,TheOddOne,master,223
252,73529695,Refining,master,192
253,32289475,Gotta Win,master,214
254,49273888,Sn4cky,master,395
255,21092237,Screamer,master,217
256,34469363,bad mental lose ,master,312
257,70191897,adi0s,master,314
258,78739104,Sanny,master,199
259,44404255,Qzy,master,429
260,87139099,flyfly,master,103
261,401063,xFSN Saber,master,280
262,33111534,reallygoodgamer,master,117
263,42018127,Never Been,master,308
264,21189658,jakobjames,master,146
265,587801,Hyøri,master,141
266,25430824,HalfSugar No Ice,master,256
267,26194782,Sun WuKong GG,master,309
268,70649723,BABEYUNNN,master,258
269,31994112,NastyNidalee,master,213
270,64709188,chowdog,master,227
271,34225884,Blazed Nova,master,341
272,38570501,tom12192,master,288
273,41998856,redbus1,master,100
274,37951773,Donofrio,master,260
275,43588594,Private ADC,master,424
276,89540151,ASU THOT,master,47
277,20187277,Kurvva,master,148
278,22350178,Ariana Young,master,275
279,31531320,Gorica,master,333
280,22736995,hi im a fucboi,master,299
281,46343952,Abraham,master,564
282,65220541,MagiFelix,master,90
283,72849285,ChumpJohn Again,master,226
284,156090,Yassuo,master,101
285,19761072,Xmithie,master,290
286,31524077,Hafu Jr,master,534
287,40129524,Boy Gamer,master,312
288,23467785,Hyper,master,468
289,22941674,Nëbu,master,210
290,22181566,Gerrard,master,356
291,84499306,Tempestˉ,master,78
292,23368264,Tracy Mcgràdy,master,309
293,42060215,FZ3R0,master,216
294,40938801,ioan,master,408
295,19963418,Yur1 Boyka,master,281
296,87330006,dayˉ,master,100
297,35696223,Zhu Pi,master,363
298,19601325,Disposal,master,120
299,91419120,God of Europe,master,207
300,53419238,Zenìty,master,421
301,4297,MegaZero,master,305
302,24597513,Faith in Myself,master,206
303,40279866,Kurumz,master,129
304,45661658,Bao Bao,master,418
305,29293356,Screaming,master,528
306,32576527,Danwel,master,486
307,56149487,Strompest LFT,master,150
308,87739140,MyMikeMuted,master,45
309,32354144,Ken Shifu,master,410
310,20156051,Jako5000,master,210
311,73483907,mabarry3,master,381
312,75309165,Wo Xi Huan Ni Ya,master,587
313,41744176,omero2582,master,289
314,41955821,Infiltrator,master,477
315,30212825,Spirax,master,382
316,30779966,Chunkyfresh,master,121
317,79610612,GankstahSwerve,master,104
318,23712722,Oldthebest,master,229
319,29472568,InfyTurtle,master,171
320,52895946,Szeto,master,496
321,24535667,Zile Flame,master,332
322,33441071,IchuckYOnorris,master,418
323,21728063,tebomb2,master,115
324,70011915,snow on the floo,master,232
325,77380673,100 PERCENT SLOW,master,306
326,29607673,TL Pobelter,master,335
327,69653316,Sahyeong Seongo,master,75
328,46995097,Anñie,master,480
329,19889688,AkoyPinoy,master,269
330,23055302,Evexus,master,300
331,24523124,Acoco,master,241
332,55629820,Butler Delta,master,343
333,58331060,Thats So Savage,master,159
334,20024227,Romanium,master,252
335,20612553,psycho Therapy,master,315
336,39561509,JuIius,master,391
337,23702362,xRequiem,master,237
338,22238557,Magickill,master,237
339,20330990,Collab,master,237
340,47160847,Asgea,master,187
341,43879966,The Catmancer,master,595
342,41818215,Tie Me Up,master,127
343,29168371,Donahue,master,276
344,20587865,Wintrading Btw,master,206
345,30853605,x33,master,461
346,22079480,Boyfriend,master,288
347,19920477,Peeking At Chu,master,387
348,35459615,Justín,master,167
349,20826894,Sleepyz,master,211
350,19875787,highimpactplayer,master,259
351,24412033,Sexy Yaoi Prince,master,330
352,30314638,DarkWingsForSale,master,320
353,24982864,S8 TOP 3 LCS ADC,master,154
354,81780195,Hamster n Peanut,master,72
355,48240600,Azrael Olaf,master,341
356,19259932,Geranibro,master,225
357,20131827,Frostalicious,master,250
358,52330149,dŠb,master,514
359,42825253,Dámon,master,476
360,30117594,UmbrellaYoukai,master,151
361,38809624,Sophist Sage,master,463
362,82769263,whitelotus2,master,213
363,89470845,LoseWintradesKms,master,33
364,29194631,Alicopter,master,226
365,77191631,Kitzuø,master,133
366,68382105,Fulmer,master,213
367,90699137,Love Never Fails,master,56
368,89289245,Klanswoman,master,76
369,39057961,Imentice,master,357
370,521955,WildTurtle,master,184
371,66042977,TwTv KatEvolved,master,157
372,88782023,Perdere,master,116
373,19199530,Xpecial,master,367
374,45175718, I E,master,492
375,29290874,Alcatraz217,master,103
376,19659682,call me obaa,master,285
377,295093,Ginormous Noob,master,212
378,38281967,daddy sallice,master,362
379,42232735,Angi,master,251
380,26153361,Happy Birfdizzay,master,185
381,19556954,Willr0,master,82
382,22205540,FlREFLY,master,365
383,86409325,emeliorate,master,56
384,28781699,Shupian,master,365
385,20640052,XPsionicsx,master,266
386,22717034,NomoreChallenger,master,253
387,90143688,DoubleliftsFlash,master,56
388,19285521,ColombiaParce,master,182
389,38898105,IIKairosII,master,270
390,61542283,huhi,master,404
391,44989337,C9 Gun,master,135
392,43873947,Boyyyyyyyyyyyyyy,master,356
393,24509336,Spectt,master,306
394,88229545,Gate,master,162
395,60239803,pilling91,master,97
396,45294971,Dragonmini,master,245
397,44554267,feud999,master,338
398,36432745,v dog,master,110
399,44483914,Gunslïnger,master,125
400,60004918,Silas,master,133
401,33419995,CopyAndPaste,master,525
402,84470409,Chanseul,master,189
403,22037820,Big D Darius,master,445
404,39996432,Unstopebble,master,272
405,21201241,Auberaun,master,456
406,38241938,ecila,master,201
407,19915644,celstin,master,291
408,28916805,WHOSAFRAIDOF138,master,210
409,19732914,Liquid Ezra,master,225
410,53356246,Disconnector,master,339
411,33689088,GL IM ZWAG,master,252
412,20397533,taro slushy,master,278
413,57029179,HotGuy6Pack,master,222
414,44839078,Light,master,428
415,20922536,Chamisul Soju,master,174
416,84639238,1 baron,master,107
417,21982089,Pleinairz,master,198
418,26414130,Kıtten,master,298
419,22440389,2EzBra,master,315
420,64199965,Youuuuuuuuuuuuu,master,233
421,53499092,Gengarr,master,126
422,73522720,Jdarko,master,187
423,54886348,t d,master,197
424,19577112,bat8man,master,419
425,19208776,Golem,master,310
426,78593412,Thats Spooky,master,60
427,22660387,BearlyArmed,master,343
428,45167717,Bánh Bao Chiên,master,420
429,23899576,Not Gage,master,395
430,28904801,Deanism,master,126
431,29203966,eIociN,master,304
432,41849159,Rodov,master,314
433,47512109,impala,master,336
434,5908,Dyrus,master,400
435,24648565,Minsoo,master,407
436,25714944,Sandía,master,346
437,34680633,Koby,master,308
438,34235388,Willro,master,326
439,30433072,miss her,master,111
440,38973546,KayBee,master,349
441,20200982,Lotus Boy Killer,master,144
442,25690873,FirstTimeCaitlyn,master,377
443,40272268,cackgod,master,177
444,37343071,avi is me,master,194
445,55401833,HazardFP,master,271
446,21949120,Call Me Jensen,master,61
447,27400598,Whopz,master,164
448,82459096,rsrzrcj,master,211
449,19088327,Antìhero,master,167
450,28906887,DLLM ON9 GAME,master,268
451,72749302,LIL PUMP SMURF,master,240
452,24997024,singed420,master,59
453,21557951,EvanRL,master,420
454,25951204,Dare 2 Defy,master,370
455,47401142,Soulmario,master,477
456,34315396,Wiggilycopter,master,185
457,50632853,Code,master,379
458,80911668,MikeNineX,master,370
459,45729290,Je Suis GableBS,master,308
460,30520196,ToveLo52,master,259
461,30904235,Rikuuˉ,master,39
462,39877298,Mysterìous,master,93
463,29019701,Dare To Defy,master,111
464,158975,i am one trick,master,85
465,37362949,Siddd,master,145
466,23715786,FaZe Kit,master,262
467,23519789,Sarcasm Orgasm,master,333
468,24801053,gLucy,master,511
469,20240406,Xeralis,master,278
470,88669121,Akaadian,master,68
471,90390467,wheniamback,master,62
472,31410812,GI LEGENDARY,master,337
473,38751945,Ekkos in Paris,master,315
474,21622356,PMA Enthusiast,master,284
475,314903,Balmungoas,master,192
476,89120799,TF Blade,master,52
477,45335330,TEAMLUKEE,master,392
478,71299570,MRTONERBONER,master,186
479,19979141,BlueBerÓ,master,445
480,30397116,Lemur,master,282
481,21747804,Yang Neng Jin,master,341
482,58471961,gyugi,master,184
483,59666586,Bonsoir Mes Amis,master,445
484,22206078,CaillouX,master,270
485,36447212,AsianSGpotato,master,468
486,22612047,Kogaa,master,314
487,29773406,Tonington,master,326
488,48603450,Kax,master,192
489,77750220,BloodWaterr,master,121
490,50371119,King Taric,master,356
491,20327440,KappaSoleil,master,286
492,27519370,Bobjenkins,master,202
493,60823528,LinGa,master,75
494,30478559,me mental boom,master,243
495,88551372,top is jg diff,master,89
496,32158564,Helping,master,317
497,41233933,MistyStumpey,master,488
498,35213233,CC Charmer,master,379
499,41329713,400IQ LCS COACH,master,116
500,45871226,F33dMeKills,master,358
501,83262877,DontDeportMePls,master,90
502,24347016,TET Doyeon,master,79
503,39854065,It Sounds,master,162
504,87599515,iwannagopro,master,118
505,54786847,Aero Unlocked,master,289
506,29184047,My Vo,master,190
507,22710237,iRTimmy,master,334
508,21004990,Triplebackflip,master,343
509,31555496,Lunch Box Hero,master,241
510,22074992,Airtom,master,370
511,38886417,DuskDust,master,422
512,23984272,Rich Homie Jayms,master,151
513,85269238,Level 3 Backpack,master,402
514,24560785,Bubble Por Favor,master,261
515,43560759,Flashcannon0,master,377
516,30092427,Take Notes,master,400
517,46354722,Oricorio,master,508
518,20822144,SayonaraMyFriend,master,443
519,47547430,CallMeExiled,master,194
520,34951738,Calphen,master,389
521,21009507,Katlife,master,202
522,492066,FlyQ Hai,master,324
523,22946266,GaoGao,master,106
524,38243736,Battlefanaticx,master,297
525,20052076,Tony Top 3,master,179
526,58597238,Dubehavior,master,517
527,20577176,ooo la la,master,321
528,25060965,Hołlywood,master,373
529,55925380,n í,master,455
530,88679165,inputcode,master,71
531,27470522,Arcsecond,master,258
532,34925592,Ethiridis,master,412
533,21456134,Wisperance,master,426
534,22047417,Dragonlily,master,205
535,20350869,Rhyos,master,164
536,73170218,JG King8,master,267
537,20617709,Yuki,master,109
538,83570990,Learning Mechs,master,126
539,41643804,Vakin,master,247
540,80979709,Pants are JłZZ,master,121
541,36488045,ROBERTxLEE,master,320
542,49073015,Rengår,master,306
543,29524444,HotHungAndJacked,master,332
544,26851284,Painless LFT,master,215
545,24877618,Vares,master,334
546,75092958,Shut Up Carry Mé,master,177
547,55805197,Hyami,master,341
548,21806931,Xeno,master,407
549,19757901,Takashí,master,199
550,21193032,dog2,master,476
551,20156599,Carmen Campagne,master,285
552,44989327,cloud mandate,master,179
553,38622759,truckoiwkaka,master,282
554,32730899,NiLaoPoZhenBang,master,308
555,42239498,Palafox,master,231
556,24699965,Victør,master,485
557,20188316,GusTn,master,229
558,26083664,hi im Guardian,master,362
559,25739133,ı am,master,309
560,36071571,Pooper Josh,master,462
561,46034868,Shabaranx,master,94
562,39863245,Me Llamo Big D,master,391
563,25490904,Mini Nilla,master,96
564,41745040,Competition,master,416
565,46531569,Laser Focus,master,328
566,21752602,JJayel,master,233
567,59811860,ÕuÕ,master,516
568,32497553,ShadowVisions,master,267
569,45164529,Rikinnn,master,136
570,25361095,Nubsee,master,385
571,38911216,are you trying,master,421
572,21084089,123123123123zxc,master,366
573,20220845,Nikkone,master,256
574,20823651,C9 Smoothie,master,256
575,46390125,dellzor,master,250
576,10077,scarra,master,519
577,32154744,Fuki,master,648
578,21269385,Arte et Marte,master,387
579,25125682,Niles,master,428
580,359188,Catharsis,master,303
581,40629656,Lail,master,261
582,32292994,LL Trigger,master,136
583,50493444,Coltre,master,215
584,23486163,Dayuks,master,17
585,87139143,Durrrrrr,master,203
586,26820836,WsT Kontol,master,312
587,81370777,Oomni,master,121
588,70249280,1uAnXIaaaaaaa,master,417
589,39967181,Ashwın,master,414
590,76602920,Snackbar123,master,108
591,76932635,Dardoch1,master,151
592,20611031,An Obese Panda,master,377
593,22476330,Minah,master,297
594,36770366,John Watson,master,227
595,46122143,Goodbye Pagoda,master,252
596,35890783,Jiu Jiu,master,455
597,22422576,Xiaobaobaoo,master,347
598,84180811,GladeGlintBright,master,49
599,32403797,Kazaa,master,148
600,23526050,Aemcae,master,49
601,450059,Archhangel,master,189
602,23115274,Juhkee,master,267
603,35164431,FáteFálls,master,112
604,50759303,The Greed Ball,master,334
605,75842971,SheGottaFatYas,master,31
606,20156016,willxo,master,359
607,25947578,jkang,master,184
608,21429782,Słash,master,492
609,44679628,one laugh,master,265
610,77211676,Revenge,master,190
611,50719274,I Serenity I,master,188
612,56365425,Johnaay ,master,326
613,38610133,SaintKilian,master,300
614,25200425,The Holy Slurp,master,423
615,68733242,maximizer,master,192
616,26065445,BobbyTea,master,424
617,22638316,typty,master,403
618,30741994,Keedori,master,429
619,36782900,Cavelery,master,462
620,21399577,Tentacool,master,210
621,76141980,AD1313,master,95
622,40026327,urwong,master,240
623,66735054,darkdonkey,master,135
624,31592402,CIoudy,master,310
625,46251158,Åum,master,519
626,50510636,uyrohSuyR,master,119
627,47706407,Wrist Pain,master,168
628,21240218,Photograph,master,172
629,27251616,Sünlight,master,348
630,77351819,Saskioo,master,217
631,82673141,Darren Stevens,master,120
632,31687588,Freeze,master,226
633,51168099,Hen Present,master,102
634,49300317,Go Eun,master,322
635,36784041,hi im lolita,master,301
636,34102828,MLGB Tails,master,64
637,36031234,eGirl Tamer,master,333
638,30206248,kT Smurf,master,400
639,49900027,Solo Q Coinflip,master,402
640,22696988,OddOJ,master,267
641,21686553,Staxl,master,286
642,25232745,Chàse,master,231
643,41932105,Ai li si,master,369
644,27739834,KBS,master,100
645,43235320,Pocket Rhino,master,418
646,21355245,quìk,master,216
647,38887759,TheAirIsDry,master,285
648,58630068,Meowaholic,master,33
649,20097906,focus improve,master,109
650,27809820,jbraggs,master,410
651,20707818,i lost u finally,master,113
652,77729240,too bad for sg,master,169
653,41743864,Soro,master,394
654,41358029,Brugmansia,master,292
655,41873475,The Eggsalad,master,363
656,58469559,Anhe,master,210
657,40062533,Audacity to TiIt,master,308
658,83413,Raimus,master,231
659,149434,AzuBK,master,314
660,55484478,COL NasHadS,master,163
661,35610675,Dem Boyz,master,224
662,21454581,GingerSpacer,master,305
663,19959767,TwitchTv Rhux,master,494
664,24716782,Visaria,master,492
665,20616519,barrelboy69,master,22
666,31481913,Jiã,master,512
667,65162496,NoobTangerang,master,189
668,28690500,KaNKl,master,204
669,21718932,SaltFishReturns,master,98
670,45668239,KillerUnit,master,552
671,83920897,Ugu,master,263
672,22879711,Katar,master,447
673,34042136,Sayonaraaaaa,master,358
674,32389583,2na0,master,355
675,28424427,Anthony,master,248
676,38267808,Nyang,master,192
677,442232,aphromoo,master,250
678,36653735,foodvacuum2000,master,232
679,47270400,MiAmorSmile9,master,405
680,51580106,FNRIR,master,289
681,50525968,The Harem King,master,202
682,88091841,ROFLMFAO LOL,master,71
683,77350765,Zentinel,master,240
684,24742857,12 baby aspirin,master,90
685,22909808,Donut Delight,master,218
686,59228553,FAKER D0NT CRY,master,334
687,21544370,Tuna Sashimi,master,438
688,33071743,Japanese Import,master,421
689,37091701,Long And Thick,master,570
690,20082683,Quantum Fizzics,master,344
691,47165206,Sawyerr,master,423
692,33081713,Paper Chàse,master,44
693,19593888,boy,master,407
694,79029093,fabbbyyy,master,61
695,39187147,belowzero,master,464
696,85699645,11302017,master,95
697,26600205,çkg,master,216
698,69719188,Andreuss,master,182
699,68789199,Wandérer,master,349
700,44935821,Rimax,master,221
701,34061684,Hardest Worker,master,80
702,24925985,Celend,master,292
703,34057485,Routé,master,444
704,50710354,Dr Dontblink,master,572
705,84170816,cant win lane,master,63
706,23645787,byungshinshekki,master,350
707,40220617,adams song,master,181
708,75829621,Banana JurJur ,master,100
709,307822,llllIIIIIllllI,master,370
710,45236312,mrcangrejo,master,481
711,21645177,Ricominciare,master,256
712,20774944,Kevin C,master,158
713,21025429,LOOOOOOOOOOOOL,master,298
714,272354,Gamerxz,master,378
715,27721273,Forever Always,master,98
716,91362095,Jg is Top,master,39
717,23149456,Dø Nøt,master,15
718,35024547,wwwwwwwww,master,406
719,29317015,cheisu,master,258
720,48664738,Swordˉ,master,234
721,22292020,FaZe Clyde,master,366
722,26383788,JoonRoot,master,324
723,22863028,Alaan3,master,40
724,91152246,Salty klaus,master,50
725,24509853,HoboMaxwell,master,311
726,19061980,Liquid Lourlo,master,293
727,25022297,Tòmo,master,405
728,70769292,GoodDravenPlayr,master,35
729,44989338,OrangeNation,master,184
730,86869293,9k jg,master,72
731,24494578,Poppers OP,master,306
732,20731155,FaR007,master,187
733,54059235,fwii Talon,master,102
734,48363071,Hi Im Michael,master,417
735,29161654,mulgokizary,master,172
736,47212115,Tactical,master,367
737,44912458,holy krp,master,298
738,19383013,Jámes Jeong,master,244
739,23775048,Maxtrobo,master,413
740,26352048,Bathtime Ducky,master,288
741,87439213,Taigalol,master,190
742,35605078,Riceballs,master,124
743,87279924,Feathered Soul,master,60
744,49159160,Søren Bjerg,master,195
745,19841939,Sohnar,master,216
746,40784909,Venerated,master,289
747,77720407,Karasmai is back,master,162
748,40920065,Pepperidge Patch,master,342
749,23353829,Jurassiq,master,180
750,77190026,NoLaneWinGame,master,192
751,66052640,rikara11111,master,205
752,53317980,OG Maria,master,158
753,88702082,nightˉ,master,61
754,75290273,Jorg Ancrath,master,31
755,71715,MeNoHaxor LFT,master,288
756,32171663,Mr Control,master,242
757,26244755,idit degen,master,346
758,21371454,ScrubNoob,master,198
759,36512012,Body Those Fools,master,337
760,50793320,Mister Meowzer,master,223
761,525979,Im a good boy ,master,67
762,51381792,Mental Stamina,master,218
763,48504279,YourBoy Jin Baby,master,495
764,69901211,practice improve,master,116
765,62316830,Shadarek,master,150
766,43361425,Blue Guilmon,master,150
767,21451895,Codê,master,397
768,72450596,Louîs,master,441
769,48193601,Go Legend,master,389
770,27282584,SHES PURRINN,master,204
771,77392135,josh 22,master,165
772,47409305,Cuo,master,478
773,28609701,Riesig,master,282
774,50363420,duoshark1,master,175
775,77272800,Àçé,master,386
776,21503614,Cafe Sua Daddi,master,419
777,25270227,DusKRaptor,master,220
778,30862532,Paco,master,288
779,25021938,Wunderful,master,386
780,50653841,Galaxy,master,405
781,30156699,NeverSupporting,master,330
782,90620190,JfIaxo,master,74
783,28319365,you ni,master,395
784,28961553,BusioC,master,449
785,69892366,BestGravesCnMA,master,179
786,20916630,Crits R Easy,master,424
787,84509505,Lytoc,master,139
788,83339297,god tupo,master,212
789,32672912,Tanner Damonte,master,367
790,64709121,Diamond Oppa,master,199
791,71649994,18CM,master,482
792,32909028,Ghostep,master,244
793,77629935,Houdini Brandini,master,202
794,35336480,Outclass,master,379
795,65739198,CjayoSaurus,master,340
796,23701242,Ew Michelle,master,139
797,24798193,HighKeySavage,master,220
798,41335915,Sahatsu,master,516
799,60845325,Mr Lin,master,331
800,65399193,Nikkajojo,master,251
801,41707141,Strüx,master,512
802,36772244,EU Import Jungle,master,147
803,64755334,AbigSmallDove,master,92
804,24295656,Winsen,master,293
805,37032735,Redhair bb1,master,173
806,26718126,iwnl,master,195
807,87502103,parq,master,51
808,19738326,chopwoodcarywatr,master,310
